City_ID,City,Country,Lat,Lng,Max Temp,Humidity,Cloudiness,Wind Speed,Current Description
0,Cape Town,ZA,-33.9258,18.4232,54.01,70,0,3.44,clear sky
1,Namibe,AO,-15.1961,12.1522,67.26,93,2,6.87,clear sky
2,Mataura,NZ,-46.1927,168.8643,41.49,92,86,3.13,overcast clouds
3,Albany,US,42.6001,-73.9662,79.14,58,32,5.55,scattered clouds
4,Avarua,CK,-21.2078,-159.775,73.45,88,90,5.75,overcast clouds
5,Orel,RU,52.9658,36.0803,65.1,73,83,7.7,broken clouds
6,Severo-Kurilsk,RU,50.6789,156.125,52.66,95,97,4.0,light rain
7,Punta Arenas,CL,-53.15,-70.9167,41.11,70,0,29.93,clear sky
8,Bluff,NZ,-46.6,168.3333,41.81,85,99,9.6,overcast clouds
9,Jamestown,US,42.097,-79.2353,76.08,53,75,10.36,broken clouds
10,Challans,FR,46.8436,-1.8749,72.27,73,90,16.46,overcast clouds
11,Hobart,AU,-42.8794,147.3294,44.46,80,57,4.0,broken clouds
12,San Quintin,MX,30.4833,-115.95,74.75,69,78,9.22,broken clouds
13,Hambantota,LK,6.1241,81.1185,79.65,78,72,16.33,broken clouds
14,Menongue,AO,-14.6585,17.691,57.88,18,64,5.3,broken clouds
15,Sungairaya,ID,0.7,108.9,79.11,82,90,6.02,overcast clouds
16,Dikson,RU,73.5069,80.5464,44.67,68,41,10.65,scattered clouds
17,Lompoc,US,34.6391,-120.4579,81.1,81,75,5.75,mist
18,Smithers,CA,54.7804,-127.1743,53.92,82,90,3.44,overcast clouds
19,Barrow,US,71.2906,-156.7887,37.42,87,90,17.27,mist
20,Wanning,CN,18.8003,110.3967,78.85,89,72,8.43,light rain
21,Contamana,PE,-7.3333,-75.0167,93.29,33,35,2.15,scattered clouds
22,Iroquois Falls,CA,48.7669,-80.6831,75.34,36,0,4.43,clear sky
23,Broome,US,42.2506,-75.833,78.71,55,16,3.0,few clouds
24,Kavieng,PG,-2.5744,150.7967,81.52,79,28,12.57,scattered clouds
25,Port Hardy,CA,50.6996,-127.4199,55.58,94,90,2.3,light rain
26,San Luis Rio Colorado,MX,32.4631,-114.7767,101.89,27,100,16.64,overcast clouds
27,Longyearbyen,SJ,78.2186,15.6401,49.84,66,75,11.5,broken clouds
28,Necochea,AR,-38.5473,-58.7368,58.03,53,95,14.65,overcast clouds
29,Bathsheba,BB,13.2167,-59.5167,86.61,74,40,16.11,scattered clouds
30,Avare,BR,-23.0986,-48.9258,79.29,20,0,6.31,clear sky
31,Ambilobe,MG,-13.2,49.05,67.89,77,5,2.95,clear sky
32,Ayni,TJ,39.3941,68.5377,75.74,48,47,2.93,scattered clouds
33,Kargasok,RU,59.0556,80.8572,65.59,63,4,7.67,clear sky
34,Aberystwyth,GB,52.4155,-4.0829,76.71,73,97,10.16,overcast clouds
35,Rikitea,PF,-23.1203,-134.9692,71.67,74,73,17.87,broken clouds
36,Qaanaaq,GL,77.484,-69.3632,43.05,62,78,1.77,broken clouds
37,Okhotsk,RU,59.3833,143.3,56.01,93,82,1.45,broken clouds
38,Gamba,GA,-2.65,10.0,71.55,81,84,7.92,broken clouds
39,Bredasdorp,ZA,-34.5322,20.0403,51.12,71,0,10.36,clear sky
40,Pevek,RU,69.7008,170.3133,41.41,84,97,3.87,light rain
41,Mount Gambier,AU,-37.8333,140.7667,48.11,93,90,17.27,overcast clouds
42,Lebu,CL,-37.6167,-73.65,53.51,79,100,16.2,overcast clouds
43,Devonport,AU,-41.1667,146.35,50.99,81,100,12.71,overcast clouds
44,Pokrovka,KG,42.3414,78.0056,64.53,45,0,4.68,clear sky
45,Ilulissat,GL,69.2167,-51.1,36.5,98,100,4.43,light rain
46,Kunya,NG,12.2233,8.5325,80.76,74,20,9.22,few clouds
47,Faanui,PF,-16.4833,-151.75,78.08,67,84,15.99,broken clouds
48,Kainantu,PG,-6.2887,145.8655,59.88,97,99,1.83,overcast clouds
49,Rudbar,AF,30.15,62.6,96.82,11,0,9.46,clear sky
50,Carnarvon,AU,-24.8667,113.6333,62.67,65,40,11.5,scattered clouds
51,Ixtapa,MX,20.7,-105.2,89.22,69,98,4.0,overcast clouds
52,Tezu,IN,27.9167,96.1667,77.49,93,47,3.33,scattered clouds
53,Turukhansk,RU,65.8167,87.9833,64.33,73,64,15.03,broken clouds
54,Kutum,SD,14.2,24.6667,76.28,60,89,17.38,overcast clouds
55,Giyani,ZA,-23.3025,30.7187,55.92,35,0,9.33,clear sky
56,Ushuaia,AR,-54.8,-68.3,40.66,70,40,13.8,light rain
57,Provideniya,RU,64.3833,-173.3,49.15,71,35,6.49,scattered clouds
58,Busselton,AU,-33.65,115.3333,49.08,62,93,15.84,overcast clouds
59,Nuuk,GL,64.1835,-51.7216,45.88,87,100,23.0,light rain
60,Havre-Saint-Pierre,CA,50.2334,-63.5986,61.16,88,75,8.05,broken clouds
61,Umm Lajj,SA,25.0213,37.2685,88.14,53,0,9.28,clear sky
62,Bethel,US,41.3712,-73.414,81.9,56,3,1.99,clear sky
63,Saldanha,ZA,-33.0117,17.9442,50.05,61,0,8.55,clear sky
64,Vaini,TO,-21.2,-175.2,73.56,94,75,3.44,broken clouds
65,Butaritari,KI,3.0707,172.7902,83.68,72,76,17.31,broken clouds
66,Ishigaki,JP,24.3448,124.1572,81.25,94,100,54.85,moderate rain
67,Tortoli,IT,39.9256,9.6572,85.98,53,0,5.39,clear sky
68,Airai,TL,-8.9266,125.4092,55.38,46,7,3.27,clear sky
69,Saint Anthony,US,45.0205,-93.218,93.83,49,39,3.0,scattered clouds
70,Tarakan,ID,3.3,117.6333,78.3,94,75,4.61,thunderstorm with light rain
71,Margate,GB,51.3813,1.3862,68.31,74,84,7.0,broken clouds
72,Lamar,US,33.6668,-95.5836,89.53,66,40,9.22,scattered clouds
73,Kushima,JP,31.4583,131.2333,77.38,92,100,12.82,overcast clouds
74,Hamilton,US,39.1834,-84.5333,84.74,56,66,1.01,broken clouds
75,Kodinsk,RU,58.6881,99.1844,60.78,69,7,2.53,clear sky
76,Requena,ES,39.4883,-1.1004,81.0,22,91,10.51,overcast clouds
77,Bambanglipuro,ID,-7.95,110.2833,76.28,82,25,8.08,scattered clouds
78,Lamu,KE,-2.2717,40.902,77.22,80,23,18.52,few clouds
79,Sechura,PE,-5.5569,-80.8222,76.62,58,41,11.18,scattered clouds
80,Tazovskiy,RU,67.4667,78.7,64.92,89,100,24.05,light rain
81,Mitu,CO,1.1983,-70.1733,81.07,80,92,2.59,overcast clouds
82,Nikolskoye,RU,59.7035,30.7861,64.8,58,97,3.24,overcast clouds
83,Magdalena,PH,14.1999,121.429,81.72,88,100,8.81,overcast clouds
84,Kapaa,US,22.0752,-159.319,80.58,82,77,5.01,broken clouds
85,Sangar,RU,63.9242,127.4739,61.0,73,100,0.43,overcast clouds
86,Phonhong,LA,18.5007,102.4166,74.57,98,100,2.98,heavy intensity rain
87,Kodiak,US,57.79,-152.4072,51.89,96,100,18.12,moderate rain
88,Georgetown,MY,5.4112,100.3354,83.89,82,20,0.0,few clouds
89,Yerbogachen,RU,61.2767,108.0108,59.29,67,40,2.89,scattered clouds
90,Nabire,ID,-3.3667,135.4833,74.7,91,100,4.07,overcast clouds
91,La Ronge,CA,55.1001,-105.2842,61.05,63,90,10.36,overcast clouds
92,Yangambi,CD,0.8102,24.4336,74.01,83,89,1.34,overcast clouds
93,Angoche,MZ,-16.2325,39.9086,73.06,75,96,17.45,light rain
94,Henties Bay,NA,-22.116,14.2845,61.86,48,0,8.77,clear sky
95,Ulverstone,AU,-41.15,146.1667,51.19,81,100,11.01,overcast clouds
96,Panaba,MX,21.2833,-88.2667,96.31,39,80,15.73,broken clouds
97,Itarema,BR,-2.9248,-39.9167,85.14,57,5,18.41,clear sky
98,Mareeba,AU,-17.0,145.4333,63.32,96,18,2.48,few clouds
99,Upernavik,GL,72.7868,-56.1549,39.47,97,100,8.3,light rain
100,Evensk,RU,61.95,159.2333,49.41,99,100,3.65,light rain
101,Qurayyat,SA,31.3318,37.3428,89.78,25,0,18.41,clear sky
102,Lagoa,PT,39.05,-27.9833,70.36,94,90,15.26,overcast clouds
103,Port-Cartier,CA,50.0334,-66.8654,68.11,79,100,1.97,overcast clouds
104,Roma,US,43.2128,-75.4557,79.92,68,57,5.99,broken clouds
105,Tuktoyaktuk,CA,69.4541,-133.0374,53.6,71,75,10.36,broken clouds
106,College,US,64.8569,-147.8028,65.59,79,75,3.44,broken clouds
107,Saskylakh,RU,71.9167,114.0833,58.64,87,38,10.89,scattered clouds
108,Chokurdakh,RU,70.6333,147.9167,36.07,83,29,12.08,scattered clouds
109,Hermanus,ZA,-34.4187,19.2345,51.91,75,0,12.01,clear sky
110,Bitung,ID,1.4451,125.1824,81.45,82,98,16.87,overcast clouds
111,Saint George,US,37.1041,-113.5841,95.47,44,94,1.99,overcast clouds
112,Anloga,GH,5.7947,0.8973,80.82,79,73,13.78,broken clouds
113,Kokopo,PG,-4.352,152.2633,76.03,87,74,5.26,broken clouds
114,Kalmunai,LK,7.4167,81.8167,80.49,67,98,11.16,overcast clouds
115,Inta,RU,66.0317,60.1659,51.15,73,71,3.27,broken clouds
116,Troitskoye,RU,52.9821,84.6757,63.55,94,99,3.98,overcast clouds
117,Buala,SB,-8.145,159.5921,79.56,83,14,5.55,light rain
118,Nazarovo,RU,56.0064,90.3914,58.14,85,61,6.46,broken clouds
119,Puerto Ayora,EC,-0.7393,-90.3518,78.76,77,95,8.99,overcast clouds
120,Mahebourg,MU,-20.4081,57.7,71.89,73,75,6.91,broken clouds
121,Kargil,IN,34.5667,76.1,64.18,46,81,5.86,broken clouds
122,Port Alfred,ZA,-33.5906,26.891,53.28,65,76,6.11,broken clouds
123,Bandar-E Lengeh,IR,26.5579,54.8807,95.11,71,0,9.22,haze
124,Braganca,BR,-1.0536,-46.7656,82.89,68,45,4.76,light rain
125,New Norfolk,AU,-42.7826,147.0587,44.1,80,50,3.06,scattered clouds
126,Barcarena,BR,-1.5058,-48.6258,87.85,47,21,4.47,few clouds
127,Cidreira,BR,-30.1811,-50.2056,66.16,65,7,7.92,clear sky
128,Srednekolymsk,RU,67.45,153.6833,56.53,64,85,4.9,overcast clouds
129,Kidal,ML,18.4411,1.4078,88.3,40,77,17.94,broken clouds
130,Laguna,US,38.421,-121.4238,97.25,39,1,1.01,clear sky
131,Kochki,RU,54.3358,80.4806,68.14,69,100,0.54,overcast clouds
132,Beaverlodge,CA,55.2166,-119.4361,65.55,34,43,19.35,scattered clouds
133,Luderitz,NA,-26.6481,15.1594,64.71,29,0,6.2,clear sky
134,Arraial Do Cabo,BR,-22.9661,-42.0278,76.96,60,0,13.8,clear sky
135,Concepcion Del Oro,MX,24.6333,-101.4167,73.35,22,13,13.58,few clouds
136,Asau,RO,46.4333,26.4,70.72,68,78,0.16,broken clouds
137,Savannakhet,LA,16.566,104.751,73.67,96,100,16.87,moderate rain
138,Khatanga,RU,71.9667,102.5,50.0,82,36,9.31,scattered clouds
139,Fangshan,CN,39.6983,115.9925,79.75,86,31,1.07,scattered clouds
140,Tasiilaq,GL,65.6145,-37.6368,40.06,98,100,3.06,light rain
141,Hilo,US,19.7297,-155.09,80.28,94,90,4.61,moderate rain
142,Haines Junction,CA,60.7522,-137.5108,57.15,58,64,1.14,broken clouds
143,Port Hueneme,US,34.1478,-119.1951,96.06,75,75,5.75,broken clouds
144,Karratha,AU,-20.7377,116.8463,70.97,38,4,10.65,clear sky
145,Babati,TZ,-4.2167,35.75,60.67,64,17,3.53,few clouds
146,Hit,IQ,33.6416,42.8251,99.16,17,0,11.74,clear sky
147,Pafos,CY,34.7667,32.4167,82.31,83,20,6.91,few clouds
148,Tamasane,BW,-22.4184,27.4013,51.33,49,0,8.75,clear sky
149,Hemsedal,NO,60.8629,8.5534,74.23,63,39,3.33,scattered clouds
150,Tiksi,RU,71.6872,128.8694,43.39,85,97,4.72,light rain
151,Port Lincoln,AU,-34.7333,135.8667,54.23,78,50,30.51,scattered clouds
152,Bereda,ES,43.2686,-7.5406,69.42,68,65,7.0,broken clouds
153,Esperance,AU,-33.8667,121.9,46.24,78,86,24.54,overcast clouds
154,Shetpe,KZ,44.1667,52.1167,81.18,49,61,8.57,broken clouds
155,Maua,BR,-23.6678,-46.4614,77.52,39,0,5.1,clear sky
156,Yar-Sale,RU,66.8333,70.8333,49.5,92,96,28.54,overcast clouds
157,Cabo San Lucas,MX,22.8909,-109.9124,97.52,65,4,7.49,clear sky
158,Yellowknife,CA,62.456,-114.3525,67.32,100,40,6.91,mist
159,Sept-Iles,CA,50.2001,-66.3821,68.43,84,90,8.01,overcast clouds
160,Sakakah,SA,29.9697,40.2064,96.37,20,0,9.62,clear sky
161,Arlit,NE,18.7369,7.3853,101.07,22,45,6.62,scattered clouds
162,Billings,US,45.7833,-108.5007,90.37,23,0,5.01,clear sky
163,Sinegorye,RU,62.0788,150.477,52.29,96,100,2.33,overcast clouds
164,Say,NE,13.1007,2.3689,84.76,38,51,4.99,broken clouds
165,Port Hawkesbury,CA,45.6169,-61.3485,71.04,71,20,5.01,few clouds
166,Puerto Narino,CO,-3.7703,-70.3831,89.55,38,62,3.96,broken clouds
167,Loreto,MX,22.2667,-101.9667,73.17,46,13,7.45,few clouds
168,Nacala,MZ,-14.5428,40.6728,72.72,88,75,10.36,light rain
169,Itapirapua,BR,-15.8233,-50.6133,92.7,18,18,8.39,few clouds
170,Matagami,CA,49.7502,-77.6328,73.51,43,1,0.0,clear sky
171,Antofagasta,CL,-23.65,-70.4,58.28,69,3,7.34,clear sky
172,East London,ZA,-33.0153,27.9116,49.14,81,20,8.05,moderate rain
173,Changji,CN,44.0167,87.3167,84.99,34,75,2.24,thunderstorm
174,Puerto Leguizamo,CO,-0.1934,-74.7819,86.38,52,84,4.79,broken clouds
175,Abalak,RU,58.1286,68.5944,61.88,95,73,5.57,broken clouds
176,Adrar,MR,20.5022,-10.0711,108.21,10,13,8.03,few clouds
177,Cao Bang,VN,22.6667,106.25,75.94,96,60,3.13,broken clouds
178,Saravena,CO,6.9538,-71.8752,79.75,88,98,2.13,overcast clouds
179,Kruisfontein,ZA,-34.0033,24.7314,47.88,80,87,4.74,overcast clouds
180,Solhan,TR,38.9634,41.0293,73.44,45,46,6.49,scattered clouds
181,Touros,BR,-5.1989,-35.4608,85.1,62,2,19.39,clear sky
182,Ovre Ardal,NO,61.3167,7.8,79.68,39,5,3.89,clear sky
183,Souillac,MU,-20.5167,57.5167,71.98,73,75,6.91,broken clouds
184,Novorudnyy,RU,51.5026,58.1873,68.49,80,100,10.56,light rain
185,Taltal,CL,-25.4,-70.4833,59.86,73,32,6.08,scattered clouds
186,Iqaluit,CA,63.7506,-68.5145,53.33,66,90,16.11,light rain
187,Vila,PT,42.0304,-8.1588,66.74,66,57,9.1,broken clouds
188,Joshimath,IN,30.5667,79.5667,71.29,86,79,1.77,broken clouds
189,Biak,ID,-0.9131,122.8766,74.03,80,99,7.2,overcast clouds
190,Hasaki,JP,35.7333,140.8333,73.8,86,1,2.57,clear sky
191,Mar Del Plata,AR,-38.0023,-57.5575,67.12,59,0,5.99,clear sky
192,Kaitangata,NZ,-46.2817,169.8464,41.94,79,55,5.01,broken clouds
193,Tessalit,ML,20.1986,1.0114,87.91,41,68,18.79,broken clouds
194,Kandrian,PG,-6.2167,149.55,77.0,92,74,6.85,broken clouds
195,Hornepayne,CA,49.2138,-84.7705,81.3,30,34,8.86,scattered clouds
196,Bowen,AU,-20.0167,148.2333,70.02,87,40,9.75,scattered clouds
197,Buraydah,SA,26.326,43.975,106.25,12,5,10.89,clear sky
198,Kangaatsiaq,GL,68.3065,-53.4641,39.51,93,100,19.06,overcast clouds
199,Port Elizabeth,ZA,-33.918,25.5701,50.09,87,0,2.3,clear sky
200,Salalah,OM,17.0151,54.0924,77.85,96,100,6.44,overcast clouds
201,Moussoro,TD,13.6408,16.4901,85.86,54,95,8.63,overcast clouds
202,Cherskiy,RU,68.75,161.3,41.13,80,0,6.04,clear sky
203,Lata,PT,40.1629,-8.3327,77.04,54,89,10.18,overcast clouds
204,Deputatskiy,RU,69.3,139.9,49.6,78,91,3.0,overcast clouds
205,Ugento,IT,39.9263,18.1574,78.96,57,0,5.28,clear sky
206,Atuona,PF,-9.8,-139.0333,76.6,76,57,10.65,broken clouds
207,Catamarca,AR,-28.4696,-65.7852,83.59,35,1,1.99,clear sky
208,Labuan,MY,5.2767,115.2417,80.76,94,20,1.14,few clouds
209,Miracema Do Tocantins,BR,-9.5618,-48.3967,95.16,23,1,8.72,clear sky
210,Fortuna,US,40.5982,-124.1573,69.93,71,1,1.99,clear sky
211,Klaksvik,FO,62.2266,-6.589,52.72,88,99,18.28,overcast clouds
212,Copiapo,CL,-27.3667,-70.3333,49.69,39,21,6.24,few clouds
213,Bengkulu,ID,-3.8004,102.2655,75.83,86,76,3.91,broken clouds
214,Huainan,CN,32.6264,116.9969,73.87,92,11,6.87,few clouds
215,Naze,JP,28.3667,129.4833,77.58,90,100,28.14,overcast clouds
216,Opuwo,NA,-18.0607,13.84,63.19,14,0,9.51,clear sky
217,Zhangjiakou,CN,40.81,114.8794,69.64,90,84,4.14,broken clouds
218,Warmbad,NA,-28.45,18.7333,48.47,22,0,12.33,clear sky
219,Moroto,UG,2.5345,34.6666,70.81,69,90,2.86,overcast clouds
220,Roebourne,AU,-20.7833,117.1333,71.37,38,3,10.25,clear sky
221,Harper,LR,4.375,-7.7169,77.95,72,89,9.33,overcast clouds
222,Camacha,PT,33.0833,-16.3333,72.36,73,40,14.97,scattered clouds
223,Yulara,AU,-25.2406,130.9889,44.44,57,1,0.0,clear sky
224,Jardim,BR,-21.4803,-56.1381,92.21,19,0,8.95,clear sky
225,Sao Joao Da Barra,BR,-21.6403,-41.0511,77.09,58,50,8.57,scattered clouds
226,Grand Gaube,MU,-20.0064,57.6608,72.0,74,32,3.0,scattered clouds
227,Sao Filipe,CV,14.8961,-24.4956,73.35,78,26,10.54,scattered clouds
228,Aswan,EG,24.0934,32.907,101.5,18,0,17.27,clear sky
229,Vestmanna,FO,62.1564,-7.1664,50.92,93,20,5.75,few clouds
230,Belmonte,BR,-15.8631,-38.8828,78.8,60,86,13.29,overcast clouds
231,Ponta Do Sol,PT,32.6667,-17.1,78.71,71,3,4.32,clear sky
232,Alyangula,AU,-13.8483,136.4192,62.47,94,64,0.0,broken clouds
233,Bandarbeyla,SO,9.4942,50.8122,76.96,81,39,36.31,scattered clouds
234,Valadares,PT,41.1474,-7.9812,65.55,54,36,8.61,scattered clouds
235,Hoyanger,NO,61.2204,6.0749,84.07,60,3,4.88,clear sky
236,Northam,GB,51.0333,-4.2167,71.35,67,100,13.27,overcast clouds
237,Sangmelima,CM,2.9333,11.9833,69.15,94,91,2.93,light rain
238,Castro,BR,-24.7911,-50.0119,71.67,36,0,5.32,clear sky
239,Carman,CA,49.4992,-98.0016,89.92,51,69,8.05,broken clouds
240,Maltahohe,NA,-24.8333,16.9833,49.08,16,0,11.83,clear sky
241,Praia Da Vitoria,PT,38.7333,-27.0667,82.65,65,75,10.4,broken clouds
242,Teya,RU,60.3778,92.6267,61.0,83,19,2.51,few clouds
243,Saint-Philippe,RE,-21.3585,55.7679,69.39,73,67,6.73,light rain
244,Krasnyy Chikoy,RU,50.3643,108.7512,54.95,94,10,3.42,clear sky
245,Lysyye Gory,RU,51.5506,44.8414,62.94,60,0,5.06,clear sky
246,Immokalee,US,26.4187,-81.4173,96.94,55,20,0.0,few clouds
247,Lashio,MM,22.9333,97.75,69.26,99,100,1.12,overcast clouds
248,Coihaique,CL,-45.5752,-72.0662,46.35,61,75,9.22,broken clouds
249,Tucurui,BR,-3.7661,-49.6725,94.06,28,29,5.26,scattered clouds
250,Cavalcante,BR,-13.7975,-47.4583,83.46,26,49,10.49,scattered clouds
251,Oksbol,DK,55.6268,8.2876,68.61,71,66,5.75,broken clouds
252,Gawler,AU,-34.6,138.7333,53.11,88,56,16.11,broken clouds
253,Ardino,BG,41.5833,25.1333,77.45,55,63,4.72,broken clouds
254,Guanica,PR,17.9716,-66.908,90.5,71,9,5.99,clear sky
255,Codrington,AU,-38.2667,141.9667,45.52,90,58,17.81,broken clouds
256,Pedasi,PA,7.5333,-80.0333,81.73,77,98,7.67,overcast clouds
257,West Odessa,US,31.8424,-102.4988,90.82,47,24,10.69,few clouds
258,Alofi,NU,-19.0595,-169.9187,75.09,100,17,9.22,few clouds
259,Suratgarh,IN,29.3167,73.9,92.57,53,100,8.28,overcast clouds
260,Fauldhouse,GB,55.8275,-3.7074,77.94,65,89,7.56,overcast clouds
261,Imeni Babushkina,RU,59.7573,43.1285,50.9,94,100,4.47,overcast clouds
262,Ilebo,CD,-4.3167,20.5833,83.14,26,70,0.72,broken clouds
263,Qaqortoq,GL,60.7167,-46.0333,48.31,69,9,13.8,clear sky
264,Itaituba,BR,-4.2761,-55.9836,93.36,55,40,11.5,scattered clouds
265,Vardo,NO,70.3705,31.1107,48.4,81,75,21.85,broken clouds
266,Ormara,PK,25.2088,64.6357,82.65,83,87,7.85,overcast clouds
267,La Macarena,CO,2.1837,-73.7849,80.19,72,100,5.88,overcast clouds
268,Kieta,PG,-6.2167,155.6333,77.85,86,47,3.53,light rain
269,Ayame,CI,5.6083,-3.1563,76.73,74,91,7.23,overcast clouds
270,Nanortalik,GL,60.1432,-45.2371,43.9,83,52,14.67,broken clouds
271,Kanniyakumari,IN,8.0833,77.5667,79.95,80,98,20.11,overcast clouds
272,Nikolayevsk-Na-Amure,RU,53.1406,140.73,68.0,89,83,2.86,broken clouds
273,Grootfontein,NA,-19.5667,18.1167,52.74,10,0,8.32,clear sky
274,Egvekinot,RU,66.3167,-179.1667,42.28,94,85,4.32,overcast clouds
275,Ayagoz,KZ,47.9714,80.4392,68.41,69,83,5.21,broken clouds
276,Ancud,CL,-41.8697,-73.8203,49.53,57,12,5.19,few clouds
277,Kununurra,AU,-15.7667,128.7333,60.78,82,30,0.0,scattered clouds
278,Sivaki,RU,52.6333,126.75,69.15,97,69,10.67,light rain
279,Todos Santos,MX,23.45,-110.2167,97.02,84,4,7.0,clear sky
280,Cairns,AU,-16.9167,145.7667,67.95,91,9,5.75,clear sky
281,Chuy,UY,-33.6971,-53.4616,68.16,66,6,6.44,clear sky
282,Batemans Bay,AU,-35.7167,150.1833,52.2,85,100,3.27,overcast clouds
283,Ust-Tsilma,RU,65.441,52.1498,49.32,98,100,5.73,overcast clouds
284,Oksfjord,NO,70.2396,22.3479,51.87,93,100,19.24,overcast clouds
285,Victoria,HK,22.2855,114.1577,87.33,85,38,4.0,scattered clouds
286,Kimbe,PG,-5.5502,150.1429,75.02,93,95,3.87,overcast clouds
287,Albertville,US,34.2676,-86.2089,89.85,59,1,3.0,clear sky
288,Thompson,CA,55.7435,-97.8558,73.56,35,1,20.71,clear sky
289,Iskateley,RU,67.6803,53.1512,47.05,71,69,1.77,broken clouds
290,Yarkovo,RU,57.4028,67.0786,64.29,91,83,5.59,broken clouds
291,Partur,IN,19.6,76.2167,73.92,85,100,9.84,overcast clouds
292,Carmo Do Rio Verde,BR,-15.3536,-49.7075,86.72,23,51,8.32,broken clouds
293,Takoradi,GH,4.8845,-1.7554,76.48,79,66,10.29,broken clouds
294,Hithadhoo,MV,-0.6,73.0833,82.63,76,96,16.96,overcast clouds
295,Narsaq,GL,60.9167,-46.05,50.61,62,22,5.93,few clouds
296,Sekoma,BW,-24.4,23.8833,45.64,14,0,7.2,clear sky
297,Tsabong,BW,-26.0217,22.401,47.35,18,0,8.59,clear sky
298,Kilrush,IE,52.6397,-9.4833,77.88,68,86,2.93,light rain
299,Antalaha,MG,-14.9003,50.2788,67.82,84,6,7.87,clear sky
300,Polyanka,UA,50.2584,27.6881,65.19,67,42,4.59,scattered clouds
301,Leningradskiy,RU,69.3833,178.4167,36.3,86,22,9.89,few clouds
302,Jambi,ID,-1.6,103.6167,75.16,95,97,4.14,heavy intensity rain
303,Guerrero Negro,MX,27.9769,-114.0611,82.42,50,45,5.68,scattered clouds
304,Madang,PG,-5.2246,145.7966,76.89,90,95,4.16,overcast clouds
305,Mancio Lima,BR,-7.6142,-72.8958,89.67,45,20,5.75,few clouds
306,Benjamin Constant,BR,-4.3831,-70.0311,89.73,55,40,5.75,scattered clouds
307,Pasinler,TR,39.9803,41.6764,67.19,59,83,6.85,broken clouds
308,Tougue,GN,11.4667,-11.6,73.26,88,86,3.0,moderate rain
309,Mizdah,LY,31.4451,12.9801,87.06,17,0,10.07,clear sky
310,Sitka,US,57.0531,-135.33,55.42,91,100,3.74,light rain
311,Harwich,GB,51.9419,1.2844,66.56,79,47,8.01,scattered clouds
312,Almaznyy,RU,48.0448,40.045,69.94,42,28,11.77,scattered clouds
313,Sinnamary,GF,5.3833,-52.95,82.17,81,29,12.84,scattered clouds
314,Sovetskiy,RU,61.3614,63.5842,54.37,81,86,5.39,overcast clouds
315,Husavik,IS,66.0449,-17.3389,66.11,77,100,2.37,light rain
316,Coahuayana,MX,18.7333,-103.6833,92.53,56,94,3.58,overcast clouds
317,Ponta Delgada,PT,37.7333,-25.6667,72.32,83,75,17.27,broken clouds
318,Rechitsy,RU,55.5978,38.4639,66.58,87,74,6.87,broken clouds
319,Ribeira Grande,PT,38.5167,-28.7,73.8,88,75,18.41,broken clouds
320,Geraldton,AU,-28.7667,114.6,55.81,94,40,6.91,scattered clouds
321,Biasca,CH,46.3597,8.9697,87.78,82,40,2.93,scattered clouds
322,Vanimo,PG,-2.6741,141.3028,77.13,90,100,5.32,light rain
323,Vaitape,PF,-16.5167,-151.75,78.1,67,85,15.95,overcast clouds
324,Laramie,US,41.3114,-105.5911,81.16,53,96,1.99,overcast clouds
325,Hue,VN,16.4667,107.6,87.91,51,75,10.36,broken clouds
326,Tisul,RU,55.7611,88.3122,60.49,85,98,6.46,overcast clouds
327,Pochutla,MX,15.7432,-96.4661,91.81,49,38,7.61,scattered clouds
328,Tuatapere,NZ,-46.1333,167.6833,41.83,91,93,5.84,overcast clouds
329,Huallanca,PE,-9.8993,-76.9417,56.93,33,12,10.38,few clouds
330,Port Hedland,AU,-20.3167,118.5667,66.25,48,3,5.75,clear sky
331,Altay,CN,47.8667,88.1167,70.72,51,72,4.68,broken clouds
332,Khartoum,SD,15.5518,32.5324,91.89,43,61,9.98,broken clouds
333,Guaratinga,BR,-16.5667,-39.5667,74.07,60,100,10.07,overcast clouds
334,Kiunga,PG,-6.1219,141.2906,72.84,100,100,1.41,overcast clouds
335,Kampot,KH,10.6167,104.1833,84.25,78,100,8.59,overcast clouds
336,Vitim,RU,59.4511,112.5578,59.07,94,79,2.98,broken clouds
337,Marrakesh,MA,31.6315,-8.0083,109.47,15,75,14.97,broken clouds
338,Luganville,VU,-15.5333,167.1667,77.47,88,100,3.94,overcast clouds
339,Walvis Bay,NA,-22.9575,14.5053,68.95,34,0,4.61,clear sky
340,Padang,ID,-0.9492,100.3543,77.5,86,43,3.29,scattered clouds
341,Sola,VU,-13.8833,167.55,79.77,81,92,15.46,overcast clouds
342,Xuddur,SO,4.1213,43.8894,77.5,50,75,24.7,broken clouds
343,Maningrida,AU,-12.0667,134.2667,70.12,91,5,3.06,clear sky
344,Craigieburn,AU,-37.6,144.95,47.25,89,90,8.05,overcast clouds
345,Ekibastuz,KZ,51.6667,75.3667,75.88,42,0,4.79,clear sky
346,Bom Jesus,BR,-9.0744,-44.3586,92.57,24,2,10.16,clear sky
347,Caravelas,BR,-17.7125,-39.2481,74.66,57,100,8.08,overcast clouds
348,Salta,AR,-24.7859,-65.4117,78.58,25,0,1.99,clear sky
349,Okato,NZ,-39.2,173.8833,43.68,86,2,4.41,clear sky
350,Ibra,OM,22.6906,58.5334,90.86,45,56,4.32,broken clouds
351,Kpandae,GH,8.4689,-0.0113,79.72,66,97,7.61,overcast clouds
352,Ekpoma,NG,6.7421,6.139,71.49,86,100,5.01,overcast clouds
353,Norman Wells,CA,65.282,-126.8329,59.04,88,90,11.5,light rain
354,Esil,KZ,51.9556,66.4042,77.43,38,58,8.77,broken clouds
355,Jalu,LY,29.0331,21.5482,91.51,25,0,9.95,clear sky
356,Tura,IN,25.5198,90.2201,75.13,93,100,5.68,overcast clouds
357,Manokwari,ID,-0.8667,134.0833,78.46,78,72,3.71,broken clouds
358,Yaan,NG,7.3833,8.5667,72.64,94,99,3.11,moderate rain
359,Sambava,MG,-14.2667,50.1667,70.47,80,9,11.68,clear sky
360,Sisophon,KH,13.5859,102.9737,76.53,92,100,6.17,light rain
361,La Asuncion,VE,11.0333,-63.8628,87.53,66,93,16.11,overcast clouds
362,Poum,NC,-20.2333,164.0167,71.55,82,100,10.89,overcast clouds
363,Namatanai,PG,-3.6667,152.4333,77.79,84,75,7.0,broken clouds
364,Bambous Virieux,MU,-20.3428,57.7575,71.85,73,75,6.91,broken clouds
365,Ahipara,NZ,-35.1667,173.1667,49.1,85,0,3.02,clear sky
366,Towada,JP,40.6127,141.2067,74.21,97,28,0.56,scattered clouds
367,Gladstone,AU,-23.85,151.25,66.13,82,90,3.44,overcast clouds
368,Ostrovnoy,RU,68.0531,39.5131,43.79,91,100,14.99,overcast clouds
369,Arman,RU,59.7,150.1667,53.26,96,100,1.36,overcast clouds
370,Kashi,CN,39.4547,75.9797,83.23,34,63,4.27,broken clouds
371,Cockburn Town,TC,21.4612,-71.1419,87.76,66,40,16.11,scattered clouds
372,Belyy Yar,RU,53.6039,91.3903,71.49,73,0,8.95,clear sky
373,La Rioja,ES,42.25,-2.5,80.04,27,100,9.24,overcast clouds
374,Torbay,CA,47.6666,-52.7314,63.88,91,75,6.91,broken clouds
375,Ambanja,MG,-13.6833,48.45,70.18,84,51,2.01,light rain
376,Dingle,PH,10.9995,122.6711,78.67,81,100,12.3,overcast clouds
377,Hualmay,PE,-11.0964,-77.6139,68.18,71,11,10.78,few clouds
378,Mnogovershinnyy,RU,53.9353,139.9242,67.69,77,81,3.53,broken clouds
379,Kabompo,ZM,-13.5927,24.2008,64.74,28,100,5.21,overcast clouds
380,Villa Maria,AR,-32.4075,-63.2402,78.08,28,61,7.96,broken clouds
381,Khani,GE,41.9563,42.9566,60.37,97,84,0.18,broken clouds
382,Sicamous,CA,50.8331,-118.9856,75.11,30,61,5.21,broken clouds
383,Pocone,BR,-16.2567,-56.6228,98.89,15,0,6.76,clear sky
384,Port Blair,IN,11.6667,92.75,81.52,84,95,19.57,overcast clouds
385,Marsh Harbour,BS,26.5412,-77.0636,83.5,70,100,7.05,overcast clouds
386,Punta Alta,AR,-38.8759,-62.0736,56.23,59,99,19.71,overcast clouds
387,Conceicao Do Araguaia,BR,-8.2578,-49.2647,91.53,35,0,9.22,clear sky
388,Bobcaygeon,CA,44.5462,-78.542,80.15,33,9,5.99,clear sky
389,Dharchula,IN,29.85,80.5333,73.0,91,47,3.18,scattered clouds
390,Nago,JP,26.5881,127.9761,80.76,92,100,36.6,overcast clouds
391,Zamora,EC,-4.0692,-78.9567,83.44,56,70,6.53,light rain
392,Boa Vista,BR,2.8197,-60.6733,87.78,62,75,10.36,broken clouds
393,Porto Seguro,BR,-16.4497,-39.0647,75.72,64,40,10.36,scattered clouds
394,Indianola,US,41.3581,-93.5574,91.06,64,26,12.88,scattered clouds
395,Eyl,SO,7.9803,49.8164,78.69,75,94,27.22,overcast clouds
396,San Vicente,AR,-26.6167,-54.1333,78.71,24,0,6.71,clear sky
397,Vanavara,RU,60.34,102.2797,58.19,81,36,2.04,scattered clouds
398,Kungurtug,RU,50.5994,97.5228,64.62,67,100,3.11,overcast clouds
399,Genhe,CN,50.7833,121.5167,60.55,99,77,3.13,broken clouds
400,Port-Gentil,GA,-0.7193,8.7815,76.96,73,90,9.22,overcast clouds
401,Aitape,PG,-3.1374,142.3475,77.74,88,100,4.18,light rain
402,Nome,US,64.5011,-165.4064,49.15,86,23,7.85,few clouds
403,Tolaga Bay,NZ,-38.3667,178.3,51.89,85,91,5.17,overcast clouds
404,Selfoss,IS,63.9331,-20.9971,55.29,99,100,9.89,overcast clouds
405,Kamal,ID,-7.1678,112.7192,76.89,77,7,2.89,clear sky
406,Gisborne,NZ,-38.6533,178.0042,46.94,82,94,3.29,overcast clouds
407,Sabang,ID,5.8933,95.3214,83.73,77,98,21.74,overcast clouds
408,Scarborough,GB,54.2797,-0.4044,66.9,78,79,1.01,broken clouds
409,Fairbanks,US,64.8378,-147.7164,65.61,80,93,3.91,overcast clouds
410,Plettenberg Bay,ZA,-34.0527,23.3716,51.1,76,15,7.72,few clouds
411,Bogorodskoye,RU,56.55,37.8833,61.79,61,89,8.39,overcast clouds
412,Mondovi,IT,44.396,7.8176,82.15,88,87,4.0,overcast clouds
413,Denpasar,ID,-8.65,115.2167,76.66,88,20,3.44,few clouds
414,Batticaloa,LK,7.7102,81.6924,82.62,61,91,7.61,overcast clouds
415,Hobbs,US,32.7026,-103.136,88.47,55,91,5.01,overcast clouds
416,Muros,ES,42.7762,-9.0603,69.1,77,6,8.28,clear sky
417,Hashtrud,IR,37.4779,47.0508,76.14,41,0,6.2,clear sky
418,Sao Felix Do Xingu,BR,-6.6447,-51.995,96.21,21,5,6.35,clear sky
419,Youghal,IE,51.95,-7.8506,74.88,76,100,4.9,overcast clouds
420,Zainsk,RU,55.3195,52.0694,65.39,67,66,2.71,broken clouds
421,Hailey,US,43.5196,-114.3153,65.05,20,0,7.0,clear sky
422,Sibolga,ID,1.7427,98.7792,77.22,83,98,3.33,overcast clouds
423,Myitkyina,MM,25.3833,97.4,75.47,99,96,0.67,overcast clouds
424,San Pedro,PH,14.35,121.0167,81.63,89,90,10.36,moderate rain
425,Hofn,IS,64.2539,-15.2082,53.62,94,90,4.61,mist
426,Ler,SS,8.3018,30.1418,79.02,70,86,3.11,overcast clouds
427,Sobolevo,RU,54.4299,31.8996,60.89,91,63,6.89,broken clouds
428,Berlevag,NO,70.8578,29.0864,44.78,87,100,31.7,overcast clouds
429,High Level,CA,58.5169,-117.136,66.31,72,75,8.05,smoke
430,Isangel,VU,-19.55,169.2667,74.43,88,10,4.61,clear sky
431,Panacan,PH,9.2463,118.4082,80.85,81,100,5.26,overcast clouds
432,Makinsk,KZ,52.6292,70.4169,70.36,45,5,5.48,clear sky
433,Mkushi,ZM,-13.6202,29.3939,60.6,74,58,11.03,broken clouds
434,Atar,MR,20.5169,-13.0499,103.44,15,0,12.88,clear sky
435,Russell,US,32.3502,-85.1999,90.79,40,0,3.78,clear sky
436,Lorengau,PG,-2.0226,147.2712,81.05,81,55,5.26,broken clouds
437,Marquette,US,46.5333,-87.6335,81.68,59,88,1.01,overcast clouds
438,Ust-Maya,RU,60.4167,134.5333,62.1,81,89,3.98,overcast clouds
439,Araouane,ML,18.9048,-3.5265,96.19,33,84,9.31,broken clouds
440,Pechory,RU,57.8164,27.6119,65.66,56,82,5.37,broken clouds
441,Kirby,US,29.4633,-98.3856,90.88,65,20,8.01,few clouds
442,Voh,NC,-20.9667,164.7,67.44,87,42,1.68,scattered clouds
443,Strezhevoy,RU,60.7333,77.5889,75.18,65,9,9.78,clear sky
444,Vrangel,RU,42.7297,133.0839,73.53,95,92,3.29,overcast clouds
445,Ajdabiya,LY,30.7554,20.2263,82.33,57,0,21.77,clear sky
446,Ullapool,GB,57.8987,-5.1604,78.35,61,78,2.62,broken clouds
447,Leshan,CN,29.5623,103.7639,75.34,96,79,2.3,broken clouds
448,Chara,RU,56.9064,118.2631,59.86,87,100,3.87,light rain
449,Kroya,ID,-7.6331,109.2461,76.51,85,78,8.32,broken clouds
450,Kenai,US,60.5544,-151.2583,57.15,89,88,1.68,overcast clouds
451,Lazaro Cardenas,MX,17.9583,-102.2,88.34,65,97,2.13,overcast clouds
452,Clyde River,CA,70.4692,-68.5914,37.63,87,90,26.46,overcast clouds
453,Martinsville,US,36.6915,-79.8725,87.15,57,1,3.44,clear sky
454,Ternate,ID,0.8,127.4,81.75,81,97,9.15,overcast clouds
455,Homa Bay,KE,-0.5273,34.4571,68.5,68,2,5.21,clear sky
456,Edd,ER,13.9297,41.6925,87.57,68,92,11.05,light rain
457,Lodja,CD,-3.4833,23.4333,82.0,28,92,2.64,overcast clouds
458,Kryve Ozero,UA,47.9524,30.3493,67.03,63,3,6.78,clear sky
459,Esmeraldas,BR,-19.7625,-44.3139,76.06,27,0,11.41,clear sky
460,Pacific Grove,US,36.6177,-121.9166,70.43,84,40,7.0,scattered clouds
461,Takaka,NZ,-40.85,172.8,43.97,89,12,3.29,few clouds
462,Iquitos,PE,-3.7481,-73.2472,91.29,38,49,4.23,scattered clouds
463,Mount Pleasant,US,32.7941,-79.8626,90.3,76,40,1.01,scattered clouds
464,Port Keats,AU,-14.25,129.55,70.09,80,15,3.0,few clouds
465,Fort Nelson,CA,58.8053,-122.7002,68.27,42,98,7.96,overcast clouds
466,Opole Lubelskie,PL,51.1478,21.969,75.78,71,49,6.2,scattered clouds
467,Kussnacht,CH,47.0856,8.4421,83.75,60,75,2.3,broken clouds
468,Dovers,VC,12.8833,-61.1833,82.02,79,86,12.59,overcast clouds
469,Quatre Cocos,MU,-20.2078,57.7625,69.1,70,24,11.01,few clouds
470,Puntarenas,CR,9.9763,-84.8384,87.53,61,66,3.71,broken clouds
471,Susurluk,TR,39.9136,28.1578,76.84,62,11,12.91,few clouds
472,Tahta,EG,26.7693,31.5021,94.68,19,0,11.32,clear sky
473,Payakumbuh,ID,-0.2202,100.6308,70.11,95,77,3.62,broken clouds
474,Malangali,TZ,-8.5667,34.85,61.39,57,48,13.89,scattered clouds
475,Gat,IL,31.61,34.7642,81.28,100,0,8.28,clear sky
476,Aleksandrovsk-Sakhalinskiy,RU,50.8975,142.1561,65.97,96,85,7.05,overcast clouds
477,Goderich,CA,43.7501,-81.7165,80.04,61,34,7.78,scattered clouds
478,Aykhal,RU,66.0,111.5,57.42,83,53,10.51,broken clouds
479,Honiara,SB,-9.4333,159.95,75.92,87,45,4.21,scattered clouds
480,Chingirlau,KZ,51.095,54.0814,65.39,86,100,3.29,overcast clouds
481,Boende,CD,-0.2167,20.8667,82.96,40,98,0.85,overcast clouds
482,La Romana,DO,18.4273,-68.9728,89.96,70,75,9.22,broken clouds
483,Katete,UG,-0.7818,29.7544,68.77,59,27,3.24,scattered clouds
484,Xiamen,CN,24.4798,118.0819,78.69,90,68,6.93,light rain
485,Buchanan,LR,5.8808,-10.0467,78.76,81,100,9.8,light rain
486,Deqing,CN,30.5448,119.9599,78.76,94,97,5.23,light rain
487,Balotra,IN,25.8333,72.2333,82.27,68,100,11.3,light rain
488,Amapa,BR,1.0,-52.0,83.3,64,62,2.64,broken clouds
489,Zhezkazgan,KZ,47.8043,67.7144,83.28,24,0,7.52,clear sky
490,Avdon,RU,54.6667,55.7167,63.72,77,0,4.47,clear sky
491,Rio Grande,BR,-32.035,-52.0986,80.94,62,9,5.93,clear sky
492,Santa Catarina De Tepehuanes,MX,25.35,-105.7333,76.6,46,6,3.49,clear sky
493,Champerico,GT,14.3,-91.9167,93.76,68,99,5.93,overcast clouds
494,Lakselv,NO,70.0513,24.9718,51.62,62,75,20.71,broken clouds
495,Timizart,DZ,36.8,4.2667,93.22,27,0,3.6,clear sky
496,Santiago Del Estero,AR,-27.7951,-64.2615,82.8,24,0,15.1,clear sky
497,Kyabe,TD,9.4515,18.9449,75.79,78,52,4.88,broken clouds
498,Marzuq,YE,14.4,46.4667,75.04,77,92,6.22,overcast clouds
499,Puerto Ayacucho,VE,5.6639,-67.6236,81.82,81,77,5.17,broken clouds
500,Willemstad,CW,12.1084,-68.9335,81.12,84,60,22.01,broken clouds
501,Cururupu,BR,-1.8283,-44.8683,86.13,55,31,5.32,scattered clouds
502,Tres Arroyos,AR,-38.3739,-60.2798,63.75,35,100,12.64,overcast clouds
503,Dibulla,CO,11.2725,-73.3091,91.44,57,87,5.84,overcast clouds
504,Bloomfield,US,40.8068,-74.1854,84.9,44,20,1.99,few clouds
505,Agadez,NE,19.75,10.25,98.2,17,3,7.78,clear sky
506,Halifax,CA,44.6453,-63.5724,69.53,81,75,9.22,thunderstorm
507,Rawson,AR,-43.3002,-65.1023,54.05,31,0,22.77,clear sky
508,Najran,SA,17.4924,44.1277,81.9,45,99,14.83,overcast clouds
509,Bud,US,39.447,-86.1758,86.04,74,56,6.33,broken clouds
510,Peniche,PT,39.3558,-9.3811,74.73,80,30,11.43,scattered clouds
511,Tilichiki,RU,60.4667,166.1,49.1,91,75,2.57,broken clouds
512,Cabedelo,BR,-6.9811,-34.8339,79.47,75,26,17.83,scattered clouds
513,Vlore,AL,40.4667,19.4897,76.71,56,0,7.58,clear sky
514,Sedalia,US,38.7045,-93.2283,89.64,62,1,3.0,clear sky
515,Katsuura,JP,35.1333,140.3,81.1,84,21,1.19,few clouds
516,San Jose,US,37.3394,-121.895,86.54,54,1,4.61,clear sky
517,Abashiri,JP,44.0213,144.2697,67.95,86,19,7.25,few clouds
518,Ephrata,US,40.1798,-76.1788,83.48,51,12,1.01,few clouds
519,Christiansburg,US,37.1298,-80.4089,84.74,50,1,0.0,clear sky
520,Meulaboh,ID,4.1363,96.1285,78.46,86,99,3.67,overcast clouds
521,Los Llanos De Aridane,ES,28.6585,-17.9182,73.13,78,20,21.85,few clouds
522,Santa Ana,US,33.7456,-117.8678,93.7,70,90,4.0,overcast clouds
523,Cumberland,US,35.0502,-78.8664,89.69,58,20,6.91,few clouds
524,Bartica,GY,6.4,-58.6167,84.29,82,94,2.26,overcast clouds
525,Mercedes,AR,-34.6515,-59.4307,76.03,45,77,5.23,broken clouds
526,Chikwawa,MW,-16.0335,34.8009,69.49,73,66,12.39,broken clouds
527,Sayaxche,GT,16.5167,-90.1667,87.69,52,82,1.59,broken clouds
528,Sergeyevka,KZ,53.88,67.4158,77.27,42,54,13.18,broken clouds
529,Chuka,KE,-0.3332,37.6459,66.07,68,88,2.35,overcast clouds
530,Truro,GB,50.2653,-5.0544,71.96,82,0,10.36,clear sky
531,Komsomolskiy,UZ,40.4272,71.7189,83.12,34,41,4.61,scattered clouds
532,Dan Khun Thot,TH,15.2085,101.7714,81.59,79,100,12.48,moderate rain
533,Baraboo,US,43.4711,-89.7443,89.15,61,40,1.99,scattered clouds
534,Guaimaro,CU,21.05,-77.35,90.57,53,17,9.48,few clouds
535,Batagay-Alyta,RU,67.8006,130.4114,58.98,75,100,3.18,overcast clouds
536,Tongliao,CN,43.6125,122.2653,74.37,73,7,12.73,clear sky
537,Sioux Lookout,CA,50.1001,-91.917,88.99,41,97,10.71,overcast clouds
538,Kavaratti,IN,10.5669,72.642,82.51,81,98,21.81,overcast clouds
539,Zandvoort,NL,52.3749,4.5341,71.94,63,20,10.36,few clouds
540,Poso,ID,-1.3959,120.7524,76.3,88,89,3.04,overcast clouds
541,Pisco,PE,-13.7,-76.2167,64.02,80,27,11.52,scattered clouds
542,Coquimbo,CL,-29.9533,-71.3436,56.07,74,100,4.94,overcast clouds
543,Kamenka,RU,51.3223,42.7678,63.97,58,1,6.46,clear sky
544,Xai-Xai,MZ,-25.0519,33.6442,62.91,59,66,18.16,broken clouds
545,Hammerfest,NO,70.6634,23.6821,46.13,87,90,18.41,light intensity drizzle
546,Shulan,CN,44.4167,126.95,72.55,73,93,5.03,overcast clouds
547,Alice Springs,AU,-23.7,133.8833,44.15,57,0,5.75,haze
548,Ferrol,ES,43.4832,-8.2369,68.52,85,28,1.01,scattered clouds
549,Fernley,US,39.608,-119.2518,91.47,14,13,3.8,few clouds
550,Grand Forks,US,47.9417,-97.4337,92.88,26,71,12.53,broken clouds
551,Sint-Gillis-Waas,BE,51.228,4.1206,77.32,65,40,3.0,scattered clouds
552,Saint-Pierre,RE,-21.3393,55.4781,69.48,68,0,9.22,clear sky
553,Tuy Hoa,VN,13.0833,109.3,81.28,70,100,15.39,overcast clouds
554,Luwuk,ID,-0.9516,122.7875,74.35,82,99,5.37,overcast clouds
555,Paita,PE,-5.0892,-81.1144,71.8,70,46,14.2,scattered clouds
556,Te Anau,NZ,-45.4167,167.7167,39.56,93,86,1.28,overcast clouds
557,Pandamatenga,BW,-18.5278,25.627,59.36,21,81,4.56,broken clouds
558,Kamina,CD,-8.7386,24.9906,69.42,37,55,4.47,broken clouds
559,Fereydun Kenar,IR,36.6864,52.5225,84.25,67,0,7.23,clear sky
560,Beloha,MG,-25.1667,45.05,63.81,58,83,9.98,broken clouds
561,Esna,EG,25.2934,32.554,95.14,19,0,10.71,clear sky
562,Bodden Town,KY,19.2833,-81.25,89.6,73,20,5.99,few clouds
563,Baiyin,CN,36.5583,104.2081,73.65,63,0,6.96,clear sky
564,Peru,US,40.7537,-86.0689,86.59,75,29,9.01,scattered clouds
565,Waipawa,NZ,-41.4122,175.5153,41.63,89,0,4.34,clear sky
566,Tyubuk,RU,56.0552,60.9405,60.44,72,100,4.41,overcast clouds
567,Nhulunbuy,AU,-12.2333,136.7667,68.61,94,8,3.44,clear sky
568,Piacabucu,BR,-10.4056,-36.4344,78.22,69,20,10.89,few clouds
569,Hay River,CA,60.8156,-115.7999,59.18,91,100,10.92,light rain
570,Acapulco,MX,16.8634,-99.8901,87.71,64,51,4.63,broken clouds
571,Kharagauli,GE,42.0214,43.1977,64.76,99,80,1.86,broken clouds
572,Olafsvik,IS,64.8945,-23.7142,52.27,97,100,9.71,overcast clouds
573,Igarka,RU,67.4667,86.5833,65.19,60,99,20.58,overcast clouds
574,Huesca,ES,42.1362,-0.4087,93.11,33,0,13.0,clear sky
575,Maceio,BR,-9.6658,-35.7353,80.04,69,75,4.61,broken clouds
576,Porto Santo,PT,33.072,-16.3415,75.11,73,40,14.97,scattered clouds
577,San Roque,ES,36.2107,-5.3842,81.43,61,0,2.3,clear sky
578,Westport,US,41.1415,-73.3579,84.06,48,2,1.01,clear sky
579,Dawei,MM,14.0833,98.2,78.62,93,100,7.18,light rain
580,Hami,CN,42.8,93.45,87.76,38,95,11.36,overcast clouds
581,Baykit,RU,61.67,96.37,62.4,85,80,1.59,broken clouds
582,Brownsburg,US,39.8434,-86.3978,85.8,70,75,1.99,broken clouds
583,Tsiroanomandidy,MG,-18.7667,46.0333,62.04,58,31,3.74,scattered clouds
584,Raahe,FI,64.6833,24.4833,57.29,58,96,8.28,overcast clouds
585,Virginia Beach,US,36.8529,-75.978,85.1,49,99,5.35,overcast clouds
586,Comodoro Rivadavia,AR,-45.8667,-67.5,52.0,34,0,24.25,clear sky
587,Yining,CN,29.0361,114.5636,74.16,98,10,2.77,clear sky
588,Chodavaram,IN,17.8333,82.95,78.64,81,100,5.88,overcast clouds
589,Terme,TR,41.2092,36.9739,70.39,79,5,7.94,clear sky
590,Kahului,US,20.8947,-156.47,78.84,88,62,10.0,broken clouds
591,Wasilla,US,61.5814,-149.4394,61.93,74,90,3.44,overcast clouds
592,Celestun,MX,20.8667,-90.4,87.42,66,57,15.43,broken clouds
593,Mastic Beach,US,40.7668,-72.8521,84.22,48,1,4.0,clear sky
594,Smolenskoye,RU,52.3044,85.0781,62.67,94,94,6.29,overcast clouds
595,Vengerovo,RU,55.6848,76.7471,66.0,70,28,5.28,scattered clouds
596,Vila Franca Do Campo,PT,37.7167,-25.4333,72.01,70,23,7.92,few clouds
597,Sur,OM,22.5667,59.5289,94.01,53,48,12.46,scattered clouds
598,Banda Aceh,ID,5.5577,95.3222,81.5,78,99,13.98,overcast clouds
599,Salaga,GH,8.5508,-0.5188,81.59,60,73,9.24,broken clouds
600,Farmington,US,36.7281,-108.2187,88.11,48,1,14.97,clear sky
601,Tsivilsk,RU,55.8611,47.4664,63.61,73,78,5.5,broken clouds
602,Marystown,CA,47.1666,-55.1483,66.85,100,97,7.0,overcast clouds
603,Fos-Sur-Mer,FR,43.4377,4.9446,88.65,54,0,19.57,clear sky
604,Rozkishne,UA,48.5074,39.3004,68.92,49,3,9.31,clear sky
605,Xining,CN,36.6167,101.7667,66.42,62,36,2.73,scattered clouds
606,Morlaix,FR,48.5833,-4.0,68.32,80,90,12.66,overcast clouds
607,Biskamzha,RU,53.4497,89.5272,60.73,94,98,3.11,overcast clouds
608,Sars,RU,56.5502,57.1366,55.54,86,90,3.0,overcast clouds
609,Honningsvag,NO,70.9821,25.9704,46.15,81,75,29.93,broken clouds
610,Tual,ID,-5.6667,132.75,79.81,81,100,15.73,overcast clouds
611,Newark,US,40.7357,-74.1724,84.9,42,40,1.99,scattered clouds
612,Cheremukhovo,RU,60.3484,59.9851,53.08,78,74,3.4,broken clouds
613,Venado,MX,22.9333,-101.0833,74.41,37,2,12.64,clear sky
614,Ureki,GE,41.9956,41.7786,71.56,82,7,10.78,clear sky
615,Palmas,BR,-10.2128,-48.3603,91.27,33,0,9.22,clear sky
616,Verkhnevilyuysk,RU,63.4453,120.3167,60.21,76,100,5.48,overcast clouds
617,Cananeia,BR,-25.0147,-47.9267,69.08,69,1,6.49,clear sky
618,Samarai,PG,-10.6167,150.6667,79.61,85,82,8.25,broken clouds
619,Lethem,GY,3.3803,-59.7968,85.86,69,49,4.68,scattered clouds
620,Melnikovo,RU,56.5558,84.085,65.16,77,97,4.99,overcast clouds
621,Kushnarenkovo,RU,55.105,55.3508,64.78,62,100,3.94,overcast clouds
622,Darnah,LY,32.767,22.6367,78.53,69,0,17.9,clear sky
623,Montauban,FR,44.0833,1.5,83.08,60,96,9.86,overcast clouds
624,Nouadhibou,MR,20.931,-17.0347,68.32,88,0,22.08,clear sky
625,Cayenne,GF,4.9333,-52.3333,83.08,82,40,3.0,scattered clouds
626,Mana,GF,5.6592,-53.7767,80.53,83,31,10.6,scattered clouds
627,Koumra,TD,8.9126,17.5539,75.15,81,75,3.69,broken clouds
628,Manor,IN,19.75,72.9167,80.87,87,100,12.1,overcast clouds
629,Bata,GQ,1.8639,9.7658,77.0,81,78,12.8,broken clouds
630,Oktyabrskiy,RU,54.4815,53.471,64.81,50,100,2.86,overcast clouds
631,Kathmandu,NP,27.7167,85.3167,70.02,100,75,6.91,broken clouds
632,Koumac,NC,-20.5667,164.2833,69.82,83,55,6.89,broken clouds
633,Taylorville,US,39.5489,-89.2945,88.18,66,40,4.61,scattered clouds
634,Lerwick,GB,60.1545,-1.1494,55.4,84,27,8.28,scattered clouds
635,Shankargarh,IN,25.1833,81.6167,89.62,62,99,9.46,overcast clouds
636,Vostok,RU,46.4856,135.8833,69.6,83,50,4.03,scattered clouds
637,Tromso,NO,69.6496,18.957,50.65,87,75,14.97,broken clouds
638,Liberia,LR,6.5,-9.5,71.04,97,100,2.84,overcast clouds
639,Yibin,CN,28.7667,104.6238,77.79,95,56,2.57,light rain
640,The Hague,NL,52.0767,4.2986,73.94,69,16,5.99,few clouds
641,Nyurba,RU,63.2842,118.3319,57.25,84,95,4.47,overcast clouds
642,Polis,CY,35.0367,32.4264,80.42,84,0,5.03,clear sky
643,Craig,US,40.5153,-107.5464,77.18,34,90,7.94,overcast clouds
644,Krasnoselkup,RU,65.7,82.4667,71.2,67,85,25.43,light rain
645,Along,IN,28.1667,94.7667,76.01,96,17,1.68,few clouds
646,Mata,PT,40.683,-7.4592,72.93,42,100,11.77,overcast clouds
647,Salinas,US,36.6777,-121.6555,70.83,72,40,0.0,scattered clouds
648,Seminole,US,28.7086,-81.2081,96.08,61,73,10.04,moderate rain
649,Minot,US,48.2325,-101.2963,88.12,43,86,4.0,overcast clouds
650,Dir,PK,35.2058,71.8756,73.74,59,2,3.85,clear sky
651,Luba,GQ,3.4568,8.5547,76.64,87,99,9.1,light rain
652,Umm Kaddadah,SD,13.6017,26.6876,93.78,32,89,7.2,overcast clouds
653,Kilindoni,TZ,-7.9139,39.6668,77.0,73,4,17.38,clear sky
654,Leh,IN,34.1667,77.5833,68.61,37,47,5.61,scattered clouds
655,Fort Wellington,GY,6.4,-57.6,84.76,71,96,7.4,overcast clouds
656,Juneau,US,58.3019,-134.4197,57.22,96,100,3.71,light rain
657,Suntar,RU,62.1444,117.6319,58.03,90,94,5.28,overcast clouds
658,Kyra,RU,49.5776,111.9753,55.89,90,62,4.81,broken clouds
659,Freital,DE,51.0017,13.6488,76.5,53,0,5.75,clear sky
660,Tautira,PF,-17.7333,-149.15,73.42,69,7,11.9,clear sky
661,Zhigansk,RU,66.7697,123.3711,59.27,61,22,6.08,few clouds
662,Panjakent,TJ,39.4952,67.6093,84.0,25,13,5.79,few clouds
663,Mayo,US,38.8876,-76.5119,87.12,45,47,1.01,scattered clouds
664,San Cristobal,VE,7.7669,-72.225,81.21,56,94,7.63,overcast clouds
665,Mahibadhoo,MV,3.7833,72.9667,83.03,75,83,8.41,broken clouds
666,Andenes,NO,69.3143,16.1194,53.08,87,75,9.22,broken clouds
667,Anaconda,US,46.1285,-112.9423,76.96,15,0,13.09,clear sky
